age,monthly_income,daily_internet_hours,smartphone_usage_years,social_media_hours,online_payment_trust_score,tech_savvy_score,monthly_online_orders,monthly_store_visits,avg_online_spend,avg_store_spend,discount_sensitivity,primary_shopping_channel
56,148778,8.3,12,3.2,2,2,28,24,61260,127192,4,Hybrid
69,82292,9.9,6,5.9,4,7,20,16,177815,94238,2,Store
46,155230,9.4,5,5.6,10,10,16,17,120767,67428,2,Online
32,213752,9.8,6,3.4,2,1,14,12,52300,63355,4,Hybrid
60,289114,5.8,11,2.8,2,7,36,10,184367,129958,2,Hybrid
25,171456,10.0,7,7.2,8,8,25,3,50020,144490,3,Hybrid
78,125570,2.3,12,2.1,1,7,19,19,145873,135905,2,Store
38,290846,7.0,5,1.6,7,10,41,7,109715,131637,3,Online
56,20404,1.1,1,3.9,5,3,21,15,112328,18402,4,Store
75,198998,4.6,8,2.1,8,3,15,20,148481,75851,1,Hybrid
36,294907,5.0,4,2.3,1,7,16,2,136402,12834,4,Online
40,169456,5.4,9,5.3,7,2,19,4,148348,67850,3,Hybrid
28,211172,8.7,14,12.3,5,10,12,17,54639,37180,5,Store
28,160932,5.3,10,9.399999999999999,4,8,32,0,159463,134955,4,Online
41,255365,5.9,12,0.6,7,9,17,7,37312,109688,5,Online
70,70612,3.6,6,0.6,10,7,33,25,160378,106520,5,Store
53,220244,5.1,1,7.6,2,7,15,16,173131,11695,3,Online
57,293060,3.5,3,2.4,1,3,22,19,122013,127135,3,Hybrid
41,24809,1.8,3,0.7,1,10,21,10,191034,58481,1,Online
20,183273,7.6,10,8.5,1,7,7,1,76733,73438,2,Store
39,204402,8.4,12,5.0,5,7,39,5,148210,111491,4,Online
70,164528,7.8,12,5.2,10,9,24,20,146191,148645,3,Store
19,58765,6.1,4,5.4,7,7,5,2,122611,121844,4,Hybrid
41,41949,5.2,6,0.1,2,4,27,11,70658,94910,5,Hybrid
61,221152,10.5,7,7.7,10,6,15,9,34539,56494,2,Hybrid
47,196615,6.7,10,2.0,8,7,17,11,69583,143360,1,Online
55,112193,6.3,4,5.4,4,10,24,19,154212,46978,4,Hybrid
19,56187,1.3,6,9.6,3,10,33,1,118236,117845,2,Online
77,158311,4.8,11,4.9,10,10,14,5,195472,130621,1,Store
38,296633,5.2,1,2.5,8,2,24,14,69659,54672,4,Online
50,209089,5.4,14,2.2,2,4,8,16,116912,61821,2,Online
29,81877,7.4,8,9.3,3,7,24,6,131632,83661,3,Hybrid
75,114074,6.9,7,6.9,3,1,26,15,124210,69224,4,Hybrid
39,183121,7.7,11,7.6,10,1,23,11,76276,89405,2,Store
78,57131,9.4,11,0.8,1,10,17,22,27853,54796,1,Hybrid
61,135765,9.9,9,1.2,6,3,25,18,149277,128554,2,Store
42,126884,8.9,3,7.6,2,10,41,5,161506,123777,3,Online
66,145917,11.5,2,5.9,1,3,18,25,142667,4023,4,Hybrid
44,193880,1.2,1,7.1,2,8,27,5,117532,72959,4,Online
76,35254,3.2,3,1.6,6,9,15,23,65143,39218,4,Store
59,64238,1.1,5,4.7,4,1,27,9,68187,143285,3,Hybrid
45,21252,8.1,14,5.6,6,2,27,5,75542,28460,1,Store
77,101317,10.9,11,5.4,9,10,12,6,166152,124579,4,Store
33,98587,3.7,2,3.3,10,2,22,7,144949,64680,1,Online
32,26949,11.2,12,0.1,10,4,28,14,63894,31017,2,Store
79,258897,1.7,3,4.7,8,2,4,17,107099,92038,1,Store
79,224625,11.3,4,2.0,1,7,18,13,113075,19515,1,Store
64,158013,4.9,7,3.6,8,9,18,6,143737,138706,4,Store
79,45934,2.1,13,7.7,9,7,22,23,102720,33001,5,Hybrid
68,276434,6.3,3,3.2,6,6,3,15,8749,1391,5,Store
61,270875,3.8,9,6.7,10,10,18,13,109900,109388,3,Hybrid
72,90390,4.1,8,1.5,5,1,26,12,53175,42215,3,Store
69,203401,4.4,4,5.4,6,10,39,13,181042,79720,5,Hybrid
74,273490,9.8,13,7.8,6,9,25,9,76010,27114,2,Store
20,63088,6.9,1,2.8,9,10,1,1,96661,142954,4,Hybrid
54,267940,4.4,1,0.1,4,5,24,10,12213,113142,4,Store
68,236464,7.7,1,3.5,2,6,8,16,97367,148345,2,Hybrid
24,238441,8.9,1,5.7,9,10,30,2,158504,106206,2,Online
38,145911,4.0,8,6.0,2,8,36,19,79840,45647,5,Online
26,243777,5.5,3,9.8,10,8,8,9,191195,42679,3,Online
56,296532,2.3,6,3.5,9,8,31,21,140115,427,2,Hybrid
35,25569,3.0,3,2.1,2,1,9,13,22369,129669,3,Hybrid
21,89836,8.5,11,6.9,8,10,9,17,143396,66267,1,Online
42,124573,3.0,5,5.8,9,8,25,7,94113,799,4,Online
77,278090,6.8,13,0.1,10,5,24,11,41134,55659,5,Store
31,163087,8.8,14,4.7,9,9,28,12,155100,7025,4,Online
67,65002,2.2,13,4.9,10,2,28,13,108922,14481,5,Store
75,267666,7.2,7,5.1,9,9,9,6,207005,25411,1,Store
26,157326,3.8,2,6.5,2,7,14,3,52510,105928,4,Online
43,175286,11.6,6,5.7,4,9,37,4,62738,123014,1,Online
70,231791,6.3,13,0.7,7,4,25,3,14963,146033,5,Hybrid
19,222846,9.9,6,4.300000000000001,2,9,5,16,77116,51690,2,Hybrid
37,157162,7.1,11,7.0,1,1,20,1,27328,52870,4,Store
45,162709,1.5,3,5.9,3,5,1,7,84629,86928,1,Store
64,173487,8.0,6,0.1,4,2,25,9,124034,70765,4,Hybrid
77,44071,11.5,10,2.0,8,8,35,21,86679,23772,4,Hybrid
24,78243,7.6,10,5.1,6,9,26,4,134790,130417,4,Online
61,192312,10.0,14,2.2,2,5,22,6,108241,18799,3,Hybrid
78,277218,10.7,5,2.0,9,5,1,13,67603,112051,1,Store
25,234879,3.5,12,2.9,2,7,11,7,72258,129941,1,Store
64,48732,3.3,2,3.7,5,7,31,9,84250,23555,4,Store
52,141465,7.7,9,5.9,4,8,16,6,111841,92152,2,Online
31,77108,5.5,8,4.9,7,10,25,13,168326,127219,4,Online
34,131195,10.2,3,5.4,8,1,6,17,51000,135333,3,Store
53,56668,10.9,8,0.6,5,2,23,5,129994,119833,5,Store
67,59749,4.9,14,7.6,10,10,23,9,76817,69002,3,Store
57,150560,3.6,9,6.7,5,4,19,13,100434,46553,2,Store
21,167979,9.6,14,9.600000000000001,2,9,0,17,51310,3088,4,Online
19,169849,4.0,3,9.1,8,9,0,11,93332,45783,1,Online
79,244301,10.0,3,7.5,2,1,16,22,143435,1115,4,Hybrid
23,71745,5.7,2,7.5,10,10,36,6,84195,72908,2,Online
71,111865,8.3,8,1.6,6,1,0,11,69672,69109,1,Hybrid
59,232890,2.1,10,4.9,8,4,20,7,77223,2978,3,Store
21,43624,7.9,1,9.0,6,9,19,2,142233,108943,5,Online
71,43321,6.0,8,5.9,4,4,12,15,89110,9422,5,Hybrid
46,194293,7.5,7,4.2,4,8,38,14,24395,89233,4,Online
35,279127,2.8,14,0.5,6,8,13,9,105188,56174,3,Online
43,206717,9.1,7,3.0,4,9,27,19,97108,37743,2,Online
61,203868,10.5,3,7.4,8,5,2,20,26434,130288,5,Store
51,155504,3.4,1,4.7,9,7,20,15,164515,129000,3,Online
27,115257,2.1,4,9.3,1,9,22,10,73535,122778,4,Hybrid
79,84291,1.3,9,2.2,4,10,16,9,175063,29430,1,Hybrid
53,230176,8.1,5,2.9,4,4,23,2,70864,28834,4,Online
31,210471,7.7,1,7.2,2,10,34,6,170511,24435,4,Online
48,238803,7.0,5,5.3,6,9,22,6,157546,87212,3,Online
65,131317,3.6,13,6.3,3,10,21,19,113124,55797,5,Hybrid
32,159789,5.3,8,3.6,7,10,35,1,103275,54555,3,Online
25,93686,7.5,8,10.0,5,9,12,9,81718,85350,1,Store
31,87661,6.5,5,2.0,4,2,0,18,36558,14716,3,Store
40,64247,11.9,12,5.6,5,5,23,8,128938,60261,2,Store
77,265121,2.5,9,3.4,8,3,9,19,173263,1995,4,Hybrid
74,167820,8.6,1,3.5,3,2,2,24,34413,22414,5,Hybrid
79,286765,5.4,4,5.2,7,1,23,21,10435,144916,1,Hybrid
57,166106,5.7,3,7.5,6,10,35,12,70285,15522,4,Hybrid
38,278930,8.9,2,0.5,1,3,3,15,87794,129632,3,Hybrid
33,156194,8.6,8,6.6,7,1,15,12,93823,74034,2,Hybrid
62,58638,11.9,7,2.3,7,1,7,15,69224,42322,3,Store
35,138033,2.4,9,3.6,1,1,15,19,1379,67638,4,Store
64,125977,2.1,2,0.2,9,8,31,17,144061,101334,1,Hybrid
70,108869,9.0,14,2.4,6,3,16,18,108541,139596,5,Store
41,125186,7.4,14,4.0,2,1,18,18,114634,30846,4,Online
43,186926,4.0,4,0.4,5,7,29,6,164173,73643,1,Online
42,66271,1.9,14,3.9,4,10,27,14,102182,114930,4,Online
77,161339,1.9,6,7.4,7,3,15,18,103915,24399,2,Store
77,241897,10.8,11,0.8,8,8,19,11,195800,123182,3,Store
77,21062,3.1,3,6.1,1,4,24,16,129560,48591,5,Store
62,267736,4.6,8,3.3,5,4,1,7,136984,35877,1,Store
58,70448,3.5,3,5.2,3,5,10,25,137521,84106,5,Store
46,115462,4.9,14,2.1,1,6,0,18,132797,78018,5,Store
32,265885,1.8,12,1.3,3,7,28,14,118849,99854,5,Online
62,67915,6.7,13,1.3,6,4,25,19,9304,120832,1,Hybrid
18,286776,1.7,13,2.9,7,8,25,0,157921,86576,1,Online
42,124592,9.8,2,1.5,8,6,3,15,158256,92508,5,Online
24,154668,3.6,13,9.5,4,7,10,9,70320,46835,3,Store
26,128099,6.9,13,9.3,3,10,4,18,94488,42464,4,Hybrid
41,27561,10.7,3,6.5,5,9,11,2,121465,112454,5,Online
18,102152,8.2,11,7.6,9,9,23,4,155235,116062,2,Online
61,145036,6.9,6,0.9,6,6,9,10,143748,67445,5,Hybrid
25,46734,4.6,2,4.6,9,7,23,17,100696,110454,1,Online
41,46069,4.7,8,2.5,6,8,27,10,169069,121906,4,Online
28,230977,8.4,1,6.9,2,9,8,15,163384,98384,2,Online
68,32910,11.9,7,4.1,5,6,6,6,135797,60032,4,Hybrid
34,101264,8.3,2,4.3,9,4,8,11,99507,113521,4,Online
25,43275,7.1,10,7.699999999999999,8,8,20,5,151499,116378,2,Online
52,92274,9.0,12,2.8,7,9,25,10,66021,17140,5,Online
52,211076,6.1,6,6.6,1,10,29,7,108247,2670,5,Online
50,214053,1.7,12,6.3,4,10,17,11,170888,36519,5,Online
76,205625,7.2,2,2.5,7,7,37,5,94840,44512,3,Store
22,68447,11.5,2,9.9,7,8,6,8,119641,103565,5,Hybrid
59,95703,2.9,10,7.6,6,10,10,19,165030,145763,2,Store
56,299404,8.6,13,2.6,8,9,22,5,119270,105156,3,Store
75,132581,3.2,8,2.8,6,4,6,6,34012,25595,5,Hybrid
58,285956,6.9,12,4.0,10,3,16,15,164712,8630,3,Hybrid
45,209728,2.1,2,7.5,3,4,25,1,21686,107461,2,Online
24,136421,6.0,7,9.5,4,9,0,11,32161,74191,5,Online
26,21605,9.3,3,3.5,3,9,10,7,47994,100591,1,Online
25,92303,4.8,8,6.6,1,9,15,4,63190,63753,2,Online
29,178211,8.3,7,8.100000000000001,10,8,14,0,34756,60520,4,Hybrid
51,207210,9.7,14,4.0,5,10,6,14,59700,4008,4,Online
50,281949,11.2,8,1.6,1,1,8,5,909,107408,2,Hybrid
65,164990,3.6,14,6.9,1,8,12,18,150992,496,4,Hybrid
72,178518,5.4,7,5.4,2,2,3,11,65908,99767,2,Store
40,144040,2.7,11,6.7,4,10,27,12,155957,23212,1,Online
79,164118,11.9,6,6.9,6,5,17,24,22620,20637,2,Store
41,251966,11.2,13,6.0,8,4,20,0,65329,45227,5,Online
54,286468,6.9,7,3.5,3,8,15,10,29676,119753,5,Online
52,291255,10.3,5,4.9,1,2,27,19,86590,120118,3,Store
61,36389,6.7,7,1.3,3,10,19,6,94006,9884,4,Store
57,142177,7.9,1,5.4,3,9,14,11,165199,116481,4,Hybrid
39,179818,2.0,1,1.4,5,7,37,4,54729,68259,2,Online
44,142883,9.3,9,5.6,4,7,33,16,91009,49810,4,Online
52,238958,2.4,14,1.8,4,1,2,7,113766,129926,5,Online
18,258213,10.1,5,3.6,9,8,15,9,154812,4761,1,Online
52,132221,9.6,13,1.3,7,4,29,1,100211,16375,2,Online
54,295378,8.8,5,0.0,4,4,21,8,119502,102654,4,Online
64,280669,1.4,3,5.7,3,3,3,9,44225,32975,5,Store
31,254936,4.3,5,5.9,6,7,37,17,174186,132955,3,Online
20,20846,3.9,3,8.399999999999999,3,7,35,6,36469,74489,4,Online
18,30954,5.0,9,4.2,6,10,24,14,140302,8381,1,Online
22,264761,2.0,9,5.5,9,10,15,19,85031,144867,1,Online
43,157541,11.3,6,0.2,6,3,25,17,113050,62999,4,Online
72,84323,7.1,1,1.3,4,2,18,9,25651,49907,4,Store
31,111922,4.4,7,7.1,5,6,0,13,97919,140710,5,Store
56,209139,5.4,7,1.9,6,4,4,8,39963,70467,4,Store
44,200448,5.9,14,2.8,3,6,18,13,117776,42623,3,Store
26,196659,7.6,10,4.8,8,8,21,10,108033,110724,5,Hybrid
32,255659,6.7,10,1.8,4,4,23,15,144811,103069,2,Online
32,124537,11.1,4,4.2,8,6,10,7,145082,19996,3,Online
43,261983,6.5,8,4.9,10,5,12,6,88049,105682,5,Store
59,62533,11.9,6,2.0,10,3,19,17,36703,83609,5,Store
77,283972,10.4,4,0.5,3,8,12,4,112503,101490,1,Hybrid
30,21917,3.3,4,6.4,10,10,33,16,174686,71325,5,Online
68,52254,11.2,2,1.9,7,3,3,17,44135,28930,3,Hybrid
49,281987,2.3,14,1.8,9,6,3,5,70305,114426,4,Online
56,67362,10.0,2,7.7,4,4,3,9,17357,17529,3,Store
66,262353,5.2,12,4.9,8,5,3,10,74531,53546,2,Store
69,210455,10.7,14,4.5,3,5,19,9,58643,7942,5,Hybrid
78,85545,10.5,4,3.3,7,7,30,8,130223,7548,5,Hybrid
49,102180,9.9,5,3.4,3,5,17,14,138761,115248,5,Store
21,107958,9.7,8,8.7,7,9,17,11,69103,149368,5,Online
47,25287,4.4,6,5.6,10,10,21,16,124860,97780,1,Online
54,277665,1.9,14,5.6,10,5,8,0,113680,296,1,Store
40,28512,5.4,4,1.4,6,7,31,14,67480,67945,4,Online
56,152414,2.9,13,4.0,2,5,21,19,47734,59980,5,Store
62,128872,8.6,11,3.3,3,5,1,21,87793,56782,2,Hybrid
32,267754,4.8,7,7.0,6,9,30,15,71798,96382,4,Online
60,113070,11.7,8,5.1,4,3,3,10,120627,53444,5,Hybrid
46,99767,8.1,2,4.3,6,6,11,0,77924,35036,1,Hybrid
53,117829,10.0,12,0.9,1,1,6,16,11319,39322,2,Hybrid
30,62078,2.5,7,9.3,10,7,20,12,79499,51667,4,Online
49,103524,10.5,14,0.9,1,5,6,4,145800,94527,2,Store
24,247645,11.2,2,5.6,3,8,40,9,72693,83337,5,Online
76,32219,6.4,2,1.1,8,5,21,9,131191,51468,3,Store
68,282379,7.7,8,5.5,8,9,33,20,81556,72894,2,Hybrid
39,147309,9.4,2,1.7,4,6,20,12,13746,63138,2,Store
45,159639,2.9,11,3.1,6,8,25,0,39135,22588,1,Online
19,216513,6.5,9,10.2,8,8,27,19,191265,62901,5,Online
59,268320,5.4,12,1.6,7,8,39,20,147388,148743,2,Hybrid
62,156487,2.6,1,4.1,7,3,18,20,27632,83038,5,Hybrid
79,187231,5.0,9,3.4,4,7,18,11,42715,138709,1,Hybrid
74,63925,1.7,1,0.1,9,7,21,11,157115,131732,5,Store
70,157023,1.3,10,6.3,10,10,21,12,122133,107211,1,Hybrid
23,107388,2.5,13,5.3999999999999995,6,10,4,16,133873,6922,1,Online
45,28007,11.6,10,3.8,3,7,12,8,91031,93697,4,Online
45,277802,7.0,2,4.5,5,2,19,2,55381,117217,5,Store
61,78596,11.6,6,5.0,5,9,27,15,107877,69506,3,Hybrid
61,275266,5.8,6,5.5,5,10,26,15,170220,124338,4,Store
37,35524,4.4,1,2.0,8,10,19,9,180434,27843,1,Online
47,175002,6.6,7,0.1,9,1,26,16,23940,140118,3,Online
79,145501,5.8,8,5.8,9,1,0,23,29704,103064,2,Hybrid
28,168056,2.2,2,6.8,6,9,2,10,86713,126417,2,Online
75,34060,8.0,8,6.7,6,3,25,8,60194,116585,4,Store
72,234057,3.4,9,6.6,9,1,6,11,52934,30346,3,Store
45,210279,7.8,6,6.7,4,7,30,13,104068,123152,5,Online
42,226118,8.2,5,3.9,6,4,14,6,143710,111769,3,Hybrid
56,180359,2.7,12,2.7,4,10,26,11,113936,102391,4,Hybrid
79,59711,1.7,9,6.3,1,2,19,6,126839,73143,5,Hybrid
50,163026,9.6,13,3.6,7,10,10,3,134930,36787,5,Online
18,238134,6.1,12,3.6,10,7,18,11,35082,33583,2,Online
74,122974,1.6,11,6.8,6,6,8,9,65888,143635,3,Hybrid
44,169646,11.9,9,7.1,9,9,32,12,113885,121943,5,Online
79,170168,1.6,1,3.7,7,4,26,25,70880,111233,4,Hybrid
74,87728,8.6,11,0.6,7,2,4,12,4507,14925,2,Hybrid
69,185088,11.8,3,3.1,2,5,17,17,103134,83184,5,Store
30,31246,3.6,9,9.8,9,10,15,3,74840,76515,3,Hybrid
58,112263,2.6,11,7.2,10,2,3,25,128135,136427,2,Hybrid
20,31302,2.3,2,6.0,9,8,11,15,185554,46069,3,Online
56,61157,4.3,12,0.5,6,10,33,9,128705,100854,3,Store
23,74917,2.1,4,11.3,3,8,6,10,129614,54471,3,Online
25,243810,8.6,4,7.9,1,10,13,0,27213,32705,2,Hybrid
44,116646,1.7,2,4.3,4,8,31,6,77621,128501,5,Online
26,287552,6.6,3,11.3,3,9,11,11,135549,116361,1,Online
79,79379,12.0,13,0.5,1,9,12,11,104288,87273,5,Hybrid
54,45053,10.0,3,5.2,3,9,11,6,170423,23241,2,Online
50,151994,7.8,1,0.6,4,2,16,9,12755,50818,1,Online
68,118723,4.4,6,3.0,8,8,36,19,179994,92307,1,Store
59,71356,7.9,8,6.4,9,10,19,13,199603,66920,1,Hybrid
61,292933,6.8,12,3.5,3,5,9,14,33371,118642,4,Hybrid
41,52154,5.7,3,8.0,6,4,10,8,142326,65453,2,Store
32,233942,2.4,5,4.5,10,10,24,1,216024,22689,4,Online
76,284480,10.8,1,2.6,5,5,4,16,5192,139324,1,Hybrid
71,52265,5.9,10,1.8,6,4,12,17,2015,30844,4,Hybrid
49,263322,3.1,7,2.8,4,8,16,3,134363,95687,4,Online
49,194944,5.0,10,3.0,10,4,8,11,60974,23365,2,Online
41,66197,5.6,13,0.5,6,10,25,16,99686,137098,3,Online
58,174782,10.1,1,3.0,7,6,0,5,5829,98303,4,Hybrid
69,180558,9.1,12,3.7,9,2,3,19,69197,28523,4,Store
66,91907,9.5,11,5.8,10,5,3,20,151127,141554,1,Hybrid
79,222967,1.1,9,5.3,7,6,17,21,18263,112105,1,Hybrid
66,252604,5.6,8,5.7,6,5,8,10,58418,48888,1,Hybrid
75,84772,6.3,7,0.1,1,2,29,18,148,113884,5,Store
69,146108,1.2,10,1.7,2,7,31,7,179895,106968,4,Hybrid
29,34382,3.9,7,7.6,1,7,28,19,26745,50110,1,Store
79,104291,9.4,5,3.9,9,8,42,14,124771,131565,2,Store
56,154828,2.5,5,0.0,10,7,30,18,106916,82001,5,Hybrid
19,167550,6.9,11,10.2,10,7,26,4,132099,39767,3,Online
20,252050,3.4,13,10.5,9,7,34,8,74685,29550,4,Online
66,150330,1.1,5,4.4,7,1,14,13,9795,144905,4,Store
54,91315,3.7,1,0.5,2,10,15,15,92332,134042,2,Online
66,34153,11.7,8,6.1,6,6,23,16,103107,98315,3,Hybrid
73,96325,9.8,12,4.7,4,6,9,15,51529,95494,3,Hybrid
34,260773,11.6,11,6.3,1,6,28,12,142744,127424,5,Hybrid
76,75318,6.4,1,6.0,1,6,14,9,11009,113855,4,Store
66,96077,2.2,4,6.4,5,10,36,18,68482,82681,1,Hybrid
19,153515,7.0,9,6.3999999999999995,2,7,11,10,174315,101489,2,Online
19,226988,6.0,14,3.6,4,9,23,4,93047,130546,2,Online
45,145885,10.3,9,5.4,1,6,17,12,68122,28900,2,Online
71,37368,2.1,5,5.0,4,1,24,13,68184,14126,2,Store
40,166400,6.4,4,5.9,6,3,16,18,87228,111198,1,Store
54,208014,2.7,3,1.4,10,2,11,2,100140,79303,1,Store
49,111751,4.6,3,1.6,4,6,6,14,80770,67061,5,Store
50,250203,9.1,12,7.1,1,8,29,6,83821,16978,4,Online
18,190987,6.2,5,8.0,7,8,10,6,47780,56344,1,Online
36,231951,5.1,10,7.3,2,10,21,5,77782,46648,5,Online
79,215716,5.3,1,6.1,9,8,14,7,128206,1055,3,Hybrid
19,80279,6.1,5,8.6,3,8,32,12,88558,75582,4,Online
70,20126,9.6,6,5.2,8,5,17,13,98475,81214,1,Hybrid
61,47632,10.8,7,7.1,8,8,35,8,175151,107954,3,Store
43,216382,11.5,12,4.6,3,6,9,17,117928,38725,5,Online
49,129945,9.7,9,5.1,4,5,5,7,58706,136327,1,Store
23,270869,4.5,3,6.0,2,7,25,16,188948,53380,1,Online
49,237138,8.6,2,3.8,4,7,14,19,121567,53333,3,Online
72,195399,5.8,14,5.7,9,8,23,7,114495,42459,1,Hybrid
21,154869,3.8,3,6.2,2,7,25,13,87238,116518,2,Online
72,198954,10.2,12,1.6,3,2,19,22,45798,36163,1,Store
28,164790,1.4,9,7.4,4,7,31,9,106312,84730,4,Online
73,54560,10.9,12,1.9,5,9,25,17,51987,19476,3,Store
76,152717,6.1,7,1.7,1,4,24,18,128022,68580,4,Hybrid
34,198595,8.0,9,3.4,7,10,35,13,171730,105576,5,Online
55,144085,8.3,13,7.3,10,10,12,21,154470,86593,4,Hybrid
41,120158,10.8,2,4.1,7,9,25,7,91575,109071,2,Online
22,204245,8.0,5,3.7,9,10,3,9,100389,114832,2,Online
69,188502,7.8,13,0.6,4,10,31,20,123994,138579,4,Hybrid
51,162766,1.7,4,5.6,6,10,22,17,91960,143190,5,Online
23,77545,6.7,2,7.800000000000001,2,10,8,19,171480,68682,1,Online
39,33224,2.7,9,6.6,4,9,40,15,119356,91713,2,Online
28,60738,9.1,9,9.7,2,8,31,16,138704,104060,4,Online
65,200760,6.6,6,6.4,10,2,4,18,166415,135486,4,Store
33,259690,8.5,11,2.2,5,9,15,18,50465,83030,4,Online
50,159649,1.5,6,5.5,7,4,11,7,110189,120360,1,Store
26,28070,1.9,8,5.0,1,8,9,5,149663,85973,3,Online
77,146161,8.9,6,7.5,10,7,17,11,233594,135009,5,Store
76,28666,1.8,1,5.1,10,7,17,10,181043,36731,3,Hybrid
23,157855,1.8,4,7.5,7,7,28,3,82812,148572,5,Online
33,61914,1.1,13,2.2,10,1,4,11,59043,114360,5,Hybrid
46,221579,11.5,7,1.5,6,5,12,11,32535,1750,4,Hybrid
20,147738,9.1,13,8.5,6,10,8,16,46300,65018,2,Hybrid
37,266965,4.9,13,1.7,8,2,9,14,76699,135099,4,Online
77,238967,4.3,2,4.8,8,1,0,10,38086,136817,1,Store
76,114270,4.8,9,2.1,6,5,29,8,139011,86984,5,Store
53,286901,9.5,8,5.3,3,2,2,9,79472,107983,2,Store
36,39097,8.3,8,6.5,5,4,29,15,146935,28451,5,Store
43,161467,3.0,7,6.2,2,3,17,11,78097,93743,5,Online
20,167313,2.9,4,10.8,5,9,11,6,141519,71474,4,Online
36,178768,2.1,2,1.5,9,2,28,17,111167,12150,2,Hybrid
37,266726,8.3,3,0.7,10,6,2,14,77375,13406,2,Store
49,66163,9.4,12,5.6,1,2,25,5,85001,116047,5,Store
24,39816,3.9,6,7.5,10,10,32,11,48579,123971,2,Online
69,253619,1.2,12,3.5,5,8,39,12,86730,103157,2,Store
58,175989,1.9,12,0.2,6,5,29,26,84853,18325,4,Store
50,116731,11.6,5,2.1,7,10,22,2,135233,94415,3,Online
57,172638,4.2,12,0.3,9,7,37,3,183704,140508,1,Hybrid
56,226524,9.5,8,7.0,6,4,1,8,79064,17669,3,Hybrid
35,82823,7.9,6,1.9,5,1,29,4,119694,127385,2,Hybrid
57,171878,5.2,6,4.5,7,2,2,22,144385,72010,5,Hybrid
18,226592,3.3,1,4.6,1,8,25,15,155038,132915,1,Online
28,21759,2.3,4,9.0,5,10,11,7,93537,50812,1,Online
45,277164,7.8,5,2.6,2,4,24,19,15167,16059,5,Store
74,153554,9.5,12,7.2,4,1,18,17,38598,86269,1,Store
42,113501,8.1,11,7.1,7,8,23,9,171239,25395,5,Online
67,284223,6.8,3,2.6,5,9,20,16,72781,20202,1,Store
40,79676,1.5,13,7.2,6,4,11,5,116378,144345,3,Hybrid
48,237516,11.7,9,8.0,2,10,7,19,121358,103235,1,Online
47,193532,9.8,1,6.6,3,3,22,4,13285,45510,4,Online
59,110397,4.2,6,6.8,7,2,22,11,142045,87945,5,Store
52,92847,11.8,6,2.0,2,5,8,15,122970,70649,1,Hybrid
24,113607,7.6,10,7.0,6,8,1,13,22694,106723,5,Hybrid
77,240178,7.4,5,0.5,5,10,38,10,166052,2881,4,Store
33,169521,9.2,12,0.8,10,7,31,19,82163,45913,1,Online
43,84077,9.9,5,8.0,1,6,8,18,9372,111860,1,Store
65,199374,8.2,10,2.6,10,1,11,17,171336,84785,4,Hybrid
74,277009,2.4,14,6.0,4,8,21,13,120598,62457,4,Store
69,157717,4.7,13,6.5,2,2,14,9,112945,139728,4,Store
77,58000,11.2,5,6.9,4,5,1,19,108397,5741,5,Hybrid
66,46737,3.5,6,8.0,1,9,23,4,142466,147733,4,Hybrid
19,293629,5.1,8,5.5,2,7,24,10,70757,97091,5,Online
18,206240,5.8,2,3.4,8,9,13,7,153963,28690,3,Online
65,72487,5.8,6,3.3,6,9,13,2,35639,32833,1,Hybrid
79,294486,7.7,1,1.0,2,5,25,16,134819,102566,1,Store
29,98623,11.4,4,4.6000000000000005,6,7,18,1,100719,71240,2,Online
22,203675,3.6,14,7.199999999999999,10,7,11,17,109985,106898,3,Online
54,233046,2.3,10,6.3,9,3,9,6,128506,77711,4,Store
49,125947,3.2,3,4.5,7,3,23,16,24714,39023,4,Online
76,148177,10.8,9,2.5,9,10,16,20,200134,40209,3,Store
72,236454,8.1,3,5.2,5,8,32,12,184466,93590,4,Store
26,129575,4.1,6,6.6,7,9,14,2,138855,86612,2,Online
58,227606,10.0,1,0.1,7,10,17,11,59631,80522,5,Store
52,96218,10.5,12,6.1,3,2,29,19,95918,111654,1,Online
36,83230,10.3,6,5.0,7,2,6,1,25457,145512,3,Online
65,265756,11.1,4,6.1,1,5,5,19,71667,119107,1,Store
33,182552,3.8,8,0.3,9,6,21,11,111659,139032,5,Online
20,59986,9.3,13,8.7,10,9,22,11,89856,22462,3,Hybrid
37,175232,6.1,11,5.0,6,5,2,16,61305,17821,5,Online
41,121358,10.3,9,4.5,5,7,22,9,166991,92889,4,Online
71,93506,9.0,4,5.0,7,10,15,6,89882,88952,4,Store
73,54911,9.5,10,6.9,5,10,33,21,27224,118066,4,Hybrid
50,226111,8.2,12,4.7,10,8,29,17,125065,79364,5,Online
41,104458,3.0,10,4.6,5,7,35,12,59148,70077,5,Online
69,32175,7.0,6,7.9,10,8,28,14,132659,40644,5,Store
28,141300,11.8,1,10.5,7,9,32,16,61002,62643,1,Online
66,106925,11.3,4,3.5,10,5,5,7,43071,13311,5,Hybrid
25,264446,1.5,7,10.5,7,8,10,9,55355,129466,4,Store
53,86358,2.8,12,3.1,3,10,40,10,140846,30531,2,Online
55,67057,2.4,1,1.8,3,4,25,7,37,14588,5,Hybrid
57,288294,9.0,8,4.8,10,9,30,10,76884,49416,2,Hybrid
37,286569,10.0,12,7.4,3,5,9,8,97243,143452,4,Online
79,274726,3.3,10,7.4,6,2,11,20,129380,148890,5,Store
52,298176,6.6,12,2.7,6,10,26,1,81893,21711,1,Online
65,22198,10.2,11,4.2,3,8,9,7,124909,136169,1,Store
79,204466,9.1,6,1.7,3,7,11,6,36512,116348,2,Hybrid
42,187292,7.0,5,8.0,8,8,23,16,64623,22076,1,Online
52,164931,7.5,10,7.8,8,3,6,7,81063,84274,1,Online
42,182491,6.6,11,5.2,7,4,1,7,71947,57609,1,Online
46,280910,4.3,14,6.4,10,5,25,11,120579,58480,4,Online
35,43236,7.2,9,5.7,4,6,17,7,50903,7044,1,Hybrid
63,107955,8.6,2,4.7,4,1,20,21,65792,55486,3,Store
35,236586,10.6,5,0.4,3,4,3,2,33439,55162,5,Hybrid
19,123145,8.0,6,8.0,5,7,14,17,87355,29882,1,Online
71,166430,9.4,7,5.4,3,5,19,20,34743,54078,1,Store
52,250785,2.8,5,5.4,8,7,26,18,126505,58734,1,Online
33,114914,6.1,9,3.0,7,5,11,14,75117,108730,3,Online
78,227990,1.1,1,7.5,3,1,21,8,22076,87985,1,Hybrid
58,34596,3.7,7,1.3,9,7,26,21,167857,44028,1,Store
53,152351,9.0,10,4.0,5,8,35,7,171078,98938,5,Online
50,214269,11.9,7,5.5,9,7,35,15,181018,118319,3,Online
21,158155,2.1,4,8.0,7,8,17,17,144938,32543,3,Store
50,140674,5.4,9,5.2,7,8,21,19,131017,124279,1,Online
31,277529,9.8,14,2.2,6,5,28,15,105649,29362,3,Hybrid
38,260469,3.2,12,1.2,2,10,41,10,150886,141129,2,Online
65,276713,7.1,11,5.1,9,9,42,12,95379,42915,3,Store
37,39063,9.1,5,4.8,6,10,18,16,96050,51370,3,Online
73,87642,7.8,4,1.4,8,5,1,18,22675,111375,3,Store
25,110093,3.1,13,7.8,1,9,24,11,147702,142394,4,Store
24,237215,4.9,7,5.7,5,8,23,12,152339,69812,4,Online
20,202992,9.6,4,9.2,1,9,8,9,131708,34017,4,Online
34,179601,7.1,3,6.7,10,6,18,6,166289,56792,3,Store
50,55954,1.1,9,1.4,8,4,19,13,100131,129198,2,Online
65,47856,9.4,11,0.2,8,6,7,2,27634,17629,3,Store
29,22573,1.4,8,10.1,1,10,32,16,158157,128614,1,Online
76,55367,9.2,1,4.9,9,3,18,6,132509,139317,2,Hybrid
68,257804,3.2,7,5.6,2,5,4,7,103627,96950,4,Hybrid
39,43752,11.5,9,6.7,9,2,10,19,144824,64829,5,Online
72,168757,5.0,8,6.4,1,2,14,10,95707,10588,2,Store
39,136739,4.6,8,7.7,10,7,15,9,151852,131514,4,Online
63,258009,2.6,13,4.3,9,10,32,20,128918,105280,2,Store
47,276028,4.4,6,3.9,4,10,34,6,60573,40721,2,Online
55,227980,10.6,11,3.2,9,10,40,4,207212,10599,3,Store
55,276609,12.0,4,1.2,7,6,7,8,112713,72594,1,Hybrid
62,208456,5.1,8,4.6,6,4,25,17,133180,134011,5,Store
68,51653,5.9,3,2.2,5,5,26,15,36382,22149,4,Store
71,177729,8.9,13,7.4,9,1,29,18,90707,127616,2,Hybrid
25,248504,10.7,9,9.7,2,9,32,2,65312,141280,5,Online
44,141829,7.5,13,4.7,2,8,31,3,192117,109034,2,Online
44,148377,5.3,2,2.8,9,9,23,3,179696,20951,1,Online
51,21622,5.5,2,0.4,3,8,42,12,166945,46766,5,Online
38,68756,8.7,12,0.3,8,5,6,18,180097,57014,4,Store
47,60809,1.0,13,3.4,9,3,27,9,113195,87122,2,Online
50,36725,7.8,12,0.7,8,10,13,4,114032,9308,1,Online
45,212468,4.9,7,4.9,4,9,9,6,192499,59252,5,Online
64,71226,9.7,12,7.0,1,6,18,22,62543,83211,2,Store
50,101182,2.0,10,7.1,4,5,4,0,27610,126534,2,Online
22,49402,7.5,4,8.5,9,7,18,11,86974,8720,4,Hybrid
77,24263,6.3,10,1.7,2,6,0,5,45167,126204,1,Hybrid
78,247595,8.1,8,6.9,3,3,14,8,67381,79993,3,Store
65,197900,1.7,9,7.1,10,10,21,17,127804,47113,2,Hybrid
36,67924,7.4,7,1.6,8,6,22,12,42481,48926,5,Online
21,244137,7.2,5,8.9,6,7,6,1,102416,136464,4,Online
52,180445,7.2,8,2.3,8,2,25,6,37264,25905,4,Online
66,187469,7.6,4,6.4,7,8,24,20,76742,50385,2,Store
34,121371,8.4,2,8.0,5,4,7,10,56221,30653,2,Online
61,58709,9.9,11,0.2,9,9,15,6,66697,91865,2,Store
45,212192,4.0,12,7.2,4,7,23,6,127158,125813,3,Online
47,170322,10.1,6,5.0,6,2,27,3,116850,145871,2,Online
46,41172,6.5,9,7.8,2,4,20,10,31533,15052,1,Hybrid
63,31555,1.8,1,3.7,2,5,4,7,108144,137116,5,Hybrid
70,73276,1.6,11,6.8,2,3,16,17,122402,21381,2,Hybrid
23,77492,4.7,10,4.4,10,7,37,6,142393,148346,3,Online
52,204074,9.6,12,2.7,7,5,4,12,1359,83108,5,Online
77,276010,8.8,7,0.5,2,2,21,6,119119,49892,4,Hybrid
58,242320,9.7,10,7.8,2,3,14,21,20344,91501,2,Hybrid
54,31046,6.7,9,6.5,9,9,22,11,198402,83391,5,Online
41,248071,5.8,10,6.8,7,7,40,18,100769,17920,4,Online
46,204374,2.6,9,7.5,3,2,0,6,20601,16702,3,Hybrid
66,286997,4.6,10,0.7,3,9,20,8,140574,1894,1,Hybrid
63,140900,5.8,11,3.1,7,4,22,10,30782,30985,2,Store
70,79129,2.0,13,0.6,5,9,11,15,153146,125702,1,Hybrid
48,257091,3.4,3,1.7,10,2,10,4,124590,73527,3,Online
52,225550,7.6,11,1.8,6,10,28,1,68969,146511,5,Online
77,264883,9.1,13,3.8,8,4,17,12,159235,128676,5,Hybrid
50,134130,12.0,5,2.1,9,5,20,10,149172,42235,3,Online
69,166922,11.3,8,0.8,1,2,29,8,144980,24976,3,Hybrid
78,141789,8.1,8,1.3,3,10,38,10,126984,82643,2,Hybrid
38,175130,5.6,4,1.2,7,1,15,6,121292,107631,4,Online
49,196492,8.0,12,7.8,6,7,24,18,114451,56697,1,Online
40,58890,9.6,11,6.1,7,10,11,5,159459,70382,1,Online
50,86017,2.3,11,7.7,8,1,0,10,162789,16651,5,Online
20,198376,5.5,1,8.0,6,8,33,10,120788,14633,5,Online
35,183993,10.2,1,2.2,3,3,15,6,38314,79164,2,Online
42,152596,5.2,4,6.4,2,10,11,1,130424,569,3,Online
59,120424,7.3,6,2.6,7,6,16,22,100326,67509,1,Store
48,297192,7.5,8,2.4,1,7,17,3,195009,123425,2,Online
71,188976,3.0,6,1.9,3,10,12,8,168248,101126,5,Store
75,54008,5.0,12,1.0,4,1,16,19,62451,127522,5,Store
20,225738,4.7,9,6.9,1,7,5,4,45708,33038,1,Online
57,103559,1.3,9,2.8,5,7,20,11,53411,38138,5,Store
63,75337,1.3,14,5.4,10,6,17,15,127123,110740,5,Store
41,295494,10.1,2,0.5,3,4,5,0,59372,111174,4,Store
67,44354,4.0,10,1.7,2,1,9,5,39477,49272,3,Hybrid
49,65186,6.7,1,6.5,3,9,31,18,158476,137980,5,Online
64,48145,4.3,2,1.2,8,4,17,9,77604,141916,4,Store
39,106123,11.3,5,2.7,6,7,37,17,182894,51455,2,Online
40,226258,3.9,4,6.9,7,7,20,9,62082,68447,5,Online
19,236541,5.7,4,5.6000000000000005,6,9,7,10,131837,77108,2,Store
44,40581,10.6,9,0.7,6,1,27,0,97151,38333,5,Hybrid
59,108929,10.3,11,3.9,3,8,20,5,95560,121219,1,Store
19,71474,3.0,8,5.699999999999999,8,10,26,12,76437,83029,4,Online
43,111748,9.8,6,4.5,7,7,35,4,100503,39697,4,Online
34,145995,6.0,1,6.4,7,8,42,19,102384,17634,1,Online
57,265690,6.3,2,1.1,6,3,28,4,81371,125520,3,Hybrid
50,289104,2.5,6,4.6,5,2,25,19,100970,24561,4,Store
26,200553,1.9,11,7.9,10,7,16,2,138875,149105,2,Online
60,56408,9.0,2,1.2,8,8,25,19,101763,55063,4,Hybrid
71,279568,6.5,13,5.0,5,1,21,12,40409,25921,3,Store
65,171563,5.8,10,2.2,9,10,31,17,74557,19340,2,Store
56,152413,9.0,5,3.9,9,9,10,21,140279,62781,2,Hybrid
46,195695,9.4,14,0.7,1,4,25,13,840,14901,1,Online
59,110327,2.7,5,3.7,6,4,6,10,31568,10638,5,Store
72,222503,7.7,6,2.5,7,3,11,6,10846,44324,1,Hybrid
43,163326,2.5,6,6.6,3,6,2,16,136971,88356,5,Online
52,202932,9.3,14,0.5,7,1,13,1,86038,32642,1,Hybrid
67,31344,8.2,6,3.3,7,6,21,10,129789,25378,5,Hybrid
42,87957,11.5,14,3.7,2,2,18,3,107460,50867,4,Online
41,125423,1.8,2,5.8,7,9,27,3,112673,73686,2,Online
30,166968,1.6,14,9.2,1,8,15,5,104194,42875,5,Online
77,206833,4.1,10,5.3,5,7,16,25,158388,118171,4,Store
75,213624,3.9,14,6.2,9,1,7,19,153964,100061,3,Store
24,271147,3.7,13,10.4,7,10,23,4,96277,64377,1,Online
74,97454,11.0,14,2.5,7,5,24,12,41616,54691,3,Store
53,277594,3.7,3,4.3,2,8,24,19,30590,49063,4,Online
62,57641,4.0,14,6.7,8,4,20,2,161414,91782,3,Hybrid
37,49711,9.4,6,7.9,3,10,13,13,116011,78343,3,Online
18,163254,5.9,13,9.8,8,7,15,3,146461,83071,4,Online
25,107833,9.5,8,5.5,3,7,20,16,2580,136564,2,Hybrid
63,64813,1.7,12,1.6,10,5,22,16,140291,121399,5,Hybrid
33,188270,6.4,13,3.9,7,4,26,15,112148,31357,1,Hybrid
31,159892,1.4,11,5.9,2,7,20,13,75844,32314,5,Online
29,224615,1.7,12,5.9,4,10,14,15,9386,70283,1,Store
68,61786,11.0,1,3.9,6,5,19,21,53171,59567,5,Store
40,246006,2.5,1,6.7,9,1,1,7,166514,47006,3,Online
32,250876,6.9,11,2.9,5,2,24,2,131743,141758,2,Hybrid
45,57265,5.5,13,6.9,9,5,12,18,61283,61606,3,Online
51,269321,4.8,2,3.3,5,3,1,0,26855,18891,2,Hybrid
19,86150,10.9,11,6.800000000000001,10,7,18,1,52192,101732,4,Store
49,107312,1.2,12,3.6,8,4,25,14,65533,29877,1,Store
40,109613,8.3,12,6.1,1,4,1,9,117827,14026,1,Online
39,141826,11.6,6,1.0,7,4,2,17,14260,20422,4,Online
68,55435,7.2,9,1.6,4,4,5,18,1074,140316,5,Store
42,230017,11.3,4,7.6,5,3,2,16,140547,33481,4,Online
75,154055,1.6,3,1.4,6,7,19,16,190859,89180,4,Store
79,171734,5.6,12,4.5,5,9,37,4,25978,109384,2,Hybrid
78,229259,3.9,8,4.6,1,5,26,9,55479,58031,4,Hybrid
39,192070,9.0,11,3.9,9,4,5,12,162342,139593,1,Hybrid
75,114071,11.8,10,5.2,2,2,22,18,2176,132818,3,Hybrid
75,288784,3.8,14,1.8,9,2,15,6,110647,83127,2,Store
39,166389,8.2,9,4.4,10,5,16,14,133570,92254,2,Online
66,135608,3.2,12,3.0,2,7,24,25,112675,68232,5,Hybrid
69,289708,7.2,11,5.3,9,10,8,19,140192,143084,3,Hybrid
59,178417,6.1,5,1.1,6,10,28,5,82146,80224,2,Store
23,133824,11.7,9,6.8999999999999995,9,8,15,15,125346,29960,4,Online
32,274444,7.7,2,1.5,6,7,17,13,169654,87695,2,Online
71,99273,4.8,3,2.2,6,5,19,14,49752,130066,2,Hybrid
60,231837,2.3,7,1.7,2,10,23,16,114252,138982,2,Store
77,130017,2.7,7,1.5,8,10,15,14,164118,2693,5,Hybrid
54,143618,3.5,6,6.6,3,10,15,16,119145,115313,2,Online
50,145341,3.8,6,2.3,7,6,10,7,10073,146930,2,Online
25,226604,10.4,2,10.100000000000001,5,9,24,16,37251,28810,5,Online
70,47788,7.2,10,7.8,3,5,29,26,96496,20092,3,Store
77,246577,6.8,6,4.6,1,8,11,14,78258,58105,1,Store
61,59974,2.3,4,1.1,8,1,4,5,76681,28555,5,Hybrid
61,36371,10.5,12,3.0,3,1,0,16,4482,71934,5,Store
22,202256,9.0,3,9.3,2,9,40,9,149721,72788,2,Online
56,93972,1.7,13,2.9,1,5,27,12,43284,77257,2,Hybrid
21,213259,8.8,11,4.4,4,10,28,5,72932,17939,1,Store
23,295128,7.0,13,7.7,8,9,17,3,37272,142897,2,Store
62,105431,1.9,2,6.8,3,9,19,18,184245,128068,4,Store
49,125373,6.0,1,6.4,1,1,12,10,142617,36,2,Store
69,201144,6.3,11,1.4,4,5,8,14,61480,93948,2,Store
47,270195,2.8,11,5.4,9,10,7,4,181267,83707,4,Online
64,163748,11.4,5,1.8,1,9,11,11,43971,39051,1,Store
52,52733,10.3,2,1.7,2,4,12,0,14318,80738,4,Store
72,236752,8.4,2,7.0,9,8,20,7,119887,73596,5,Hybrid
57,22050,6.1,7,2.0,2,6,15,20,121282,60071,4,Store
69,129996,5.5,8,2.1,3,3,23,11,91891,130613,3,Store
33,53933,8.2,13,0.0,7,4,2,14,68754,73601,5,Online
30,44951,7.0,10,11.0,3,7,21,7,85677,29873,2,Online
67,52413,1.7,8,6.3,9,1,3,25,120351,71468,5,Hybrid
77,185873,6.6,14,5.0,6,8,15,18,177736,26470,1,Store
59,206691,9.9,4,6.0,3,1,22,8,125261,8328,1,Store
47,208847,6.1,14,1.2,9,1,25,5,135827,137405,4,Store
36,241888,1.6,1,3.7,1,4,13,2,40077,121173,5,Store
34,281044,9.6,11,2.8,10,10,39,9,161650,46638,2,Online
73,241165,3.2,7,0.8,3,10,11,6,160045,11268,1,Store
36,263662,3.8,1,3.9,1,6,15,13,29669,113920,2,Online
45,186472,2.8,11,7.4,2,9,28,3,82522,110379,3,Online
75,231760,4.6,4,0.3,8,1,14,14,113556,148117,1,Store
72,142744,9.3,8,2.3,7,7,38,10,181395,7887,4,Hybrid
43,225763,6.7,2,1.7,2,10,15,10,181090,24918,3,Online
54,63001,3.3,6,1.9,2,5,8,11,143008,35497,5,Store
43,87364,10.7,13,7.3,9,8,17,9,214602,93562,2,Online
70,258506,10.7,6,3.7,6,7,20,22,185238,11929,1,Store
79,248731,10.6,12,3.7,5,4,9,11,36943,102201,3,Store
40,151878,3.6,9,6.1,10,4,16,6,139204,116566,3,Online
26,207710,6.0,5,3.4000000000000004,6,7,18,10,123351,28546,1,Online
29,148301,11.8,10,6.3,9,8,1,3,54068,82494,5,Online
70,180829,9.5,4,3.4,7,9,35,21,175099,46566,5,Hybrid
18,54636,1.3,5,8.3,10,9,22,0,72652,85464,4,Online
75,231169,1.7,12,8.0,10,8,7,19,156020,128279,5,Store
75,199352,6.1,12,6.2,9,5,5,24,15945,81991,4,Store
18,213283,11.0,10,6.2,4,10,18,8,42865,92680,3,Online
64,265596,6.9,11,6.6,2,6,7,12,53811,28013,1,Hybrid
51,81665,6.5,5,1.4,8,9,36,8,48084,52132,5,Online
49,266584,2.2,8,0.2,4,3,28,9,60848,107855,4,Online
79,136953,8.2,10,1.6,9,1,2,7,88289,91627,3,Hybrid
71,178448,10.0,12,2.7,4,1,25,10,20946,122772,5,Hybrid
65,206626,5.2,8,4.1,8,3,13,19,133979,145251,2,Hybrid
42,165271,9.5,2,4.9,9,10,37,2,152666,141294,3,Online
57,138533,11.6,7,7.3,9,5,15,13,78865,64068,5,Store
62,93781,3.2,8,4.1,10,3,0,10,149337,16116,3,Hybrid
70,86262,6.8,11,4.0,4,9,30,5,48096,51369,1,Store
18,96898,4.2,6,3.3,1,7,8,10,176183,103100,1,Online
33,169369,9.7,5,0.3,3,3,21,14,145980,29655,1,Store
78,50448,7.4,11,4.4,9,9,31,15,109222,47632,2,Hybrid
56,27657,8.0,9,3.5,4,6,17,23,96748,145265,1,Store
22,276689,9.8,13,8.9,5,10,21,9,181254,18895,2,Online
39,179903,5.4,3,1.3,7,4,5,5,104733,23086,1,Store
46,27906,11.1,12,0.2,5,4,22,14,126865,85637,3,Hybrid
72,74028,6.9,13,3.6,4,2,20,19,83551,107334,5,Hybrid
20,289431,2.7,13,6.6,2,7,24,17,129335,63083,5,Hybrid
29,210792,8.7,10,4.5,2,7,14,6,59753,95028,1,Online
43,122979,9.7,4,5.8,4,7,32,14,51408,66957,5,Online
33,54701,4.5,9,0.9,10,7,39,17,134007,97551,1,Online
68,103300,10.4,6,4.9,10,6,9,20,75934,78506,1,Hybrid
54,261249,11.0,8,2.2,9,3,26,19,116849,138355,4,Store
39,168746,4.0,7,1.4,8,5,5,8,77638,94024,4,Online
74,103560,11.8,11,3.0,3,1,22,4,135091,81481,4,Store
46,262615,2.5,2,6.4,9,7,19,7,70167,255,2,Online
31,63642,3.2,3,3.1,5,9,11,19,65944,15487,4,Online
45,299746,3.0,1,6.0,3,1,27,1,84932,19346,1,Hybrid
22,108801,10.8,9,3.4,5,8,12,10,119712,35050,3,Online
64,114377,8.2,13,6.2,10,3,16,13,125155,8744,4,Hybrid
66,101121,2.7,7,1.9,4,3,26,9,139045,61596,4,Hybrid
47,45559,5.8,1,5.4,8,8,13,9,141407,119640,3,Online
63,53742,7.8,3,4.5,5,7,39,7,170904,55032,1,Hybrid
79,172826,1.9,4,7.4,10,6,19,16,37691,42687,2,Store
69,155044,10.7,4,3.1,8,10,7,2,158938,62863,4,Hybrid
22,132217,9.8,5,2.7,9,9,25,1,113598,131663,3,Online
29,61873,6.6,14,5.1000000000000005,4,8,6,0,23039,6277,1,Hybrid
33,154092,11.6,3,6.6,7,9,19,18,95673,61860,5,Online
43,106988,5.6,3,4.2,2,1,1,1,123168,133332,2,Hybrid
43,65648,11.8,1,6.2,6,2,23,19,88263,24741,3,Hybrid
65,145991,8.3,7,1.9,8,4,13,9,75061,119720,3,Hybrid
38,22396,8.0,11,2.8,7,3,21,11,16911,37211,3,Store
56,104082,2.8,10,0.2,7,1,22,24,916,6869,4,Store
53,148322,10.7,14,7.7,8,5,29,17,77035,87616,5,Online
50,152663,5.7,1,5.3,7,7,18,0,51083,94515,2,Online
79,31303,2.8,2,7.5,5,2,8,2,136278,60110,1,Store
47,181633,1.1,13,2.1,7,5,20,13,121937,34033,1,Store
54,269690,7.2,4,4.9,10,6,10,3,99116,45213,5,Online
40,279820,6.8,13,5.4,3,7,18,4,79032,12938,3,Online
75,119616,8.9,4,2.5,5,1,2,15,116211,130842,3,Hybrid
27,106231,10.8,5,10.8,7,9,38,12,78716,2274,3,Online
71,289458,1.9,11,7.6,9,4,16,22,81897,84390,3,Store
22,39623,9.0,2,10.399999999999999,2,10,7,12,59651,20044,3,Online
53,218747,3.1,4,5.9,4,4,23,1,102395,99372,5,Online
51,125228,10.4,1,2.2,7,6,0,15,124121,14706,4,Online
69,202828,10.0,2,2.3,1,9,18,8,69699,137046,2,Store
48,177364,6.9,1,7.7,2,5,29,13,55401,76464,3,Online
27,89274,8.8,10,4.199999999999999,9,9,13,0,43747,21213,4,Online
75,153541,4.5,10,5.7,10,8,9,20,119279,1950,1,Store
36,73947,6.2,13,5.6,7,9,23,10,83269,10411,5,Online
75,173606,10.0,4,5.0,10,4,27,24,43967,128603,4,Hybrid
49,214692,6.1,4,7.9,7,3,27,2,37271,62744,3,Store
18,68874,4.9,7,6.8,6,10,18,10,104749,148843,3,Online
73,69708,6.4,10,2.7,3,5,22,9,66433,35053,3,Hybrid
22,94553,10.1,11,4.8999999999999995,10,7,24,16,112752,138117,4,Online
62,88344,4.7,11,3.5,3,10,12,9,61628,57623,3,Store
21,205374,2.9,9,5.5,2,10,20,9,61382,29714,4,Online
33,67638,8.8,9,2.7,6,3,8,10,146222,109283,3,Online
41,98249,10.1,5,6.7,4,2,26,2,54165,8562,1,Online
33,22719,2.1,10,7.5,5,1,2,19,63690,55048,1,Online
72,173962,3.6,1,1.5,3,8,10,15,78259,93295,2,Hybrid
19,62534,2.6,1,6.3,6,10,6,9,27007,12026,3,Online
66,112241,4.8,6,7.4,3,7,10,19,125758,106147,3,Store
45,146209,6.0,2,0.5,8,1,20,11,112771,31589,4,Store
49,209004,9.2,8,0.7,9,1,25,14,93623,108199,4,Hybrid
44,112124,8.2,13,1.3,4,9,15,9,45668,97274,3,Online
37,111659,7.8,9,4.8,9,8,25,9,136697,26844,2,Online
41,184134,4.9,13,1.2,7,3,12,18,149229,90415,3,Store
29,95713,10.3,4,9.7,3,7,20,0,85481,54708,4,Store
67,238335,6.2,5,3.6,7,3,28,16,88553,70825,3,Hybrid
52,95418,11.8,11,4.0,1,4,19,1,132828,51574,4,Store
77,148232,8.0,8,2.0,3,1,28,23,102488,85548,3,Store
50,183038,2.4,3,3.8,6,5,5,6,96741,149884,5,Online
50,188383,8.4,5,5.3,4,1,19,6,78210,64230,4,Online
78,278722,4.6,3,6.0,7,1,17,24,135607,40581,2,Hybrid
68,152079,8.5,12,6.0,3,10,37,11,87812,25105,5,Store
60,222053,1.8,10,4.6,1,7,14,5,171356,79830,3,Hybrid
54,96242,2.9,3,7.2,9,6,24,13,97183,69157,4,Hybrid
29,198589,10.4,3,11.3,6,10,25,16,144352,87235,5,Online
20,49257,3.5,13,9.899999999999999,8,10,5,0,179545,2347,2,Store
18,164353,10.2,12,3.0,3,7,15,8,132083,47650,4,Online
50,283579,4.1,7,0.1,8,1,24,19,78441,148182,5,Online
57,249947,8.1,7,1.7,2,2,2,23,84821,135995,5,Hybrid
27,251758,8.6,7,10.1,4,7,12,3,103766,124926,5,Online
60,111357,6.6,10,3.3,3,6,0,13,10207,81147,1,Store
61,177732,4.4,8,3.2,10,2,18,18,61067,48135,3,Hybrid
46,223667,3.3,5,7.1,1,7,12,3,176773,19199,4,Online
30,103807,1.4,5,11.9,7,7,12,8,33822,140138,4,Online
29,158563,4.3,14,12.3,10,9,18,8,64761,101583,4,Online
48,278778,8.2,4,2.5,2,6,11,17,43351,92290,5,Online
63,201264,11.3,7,5.5,4,9,22,13,145541,120787,3,Hybrid
19,93609,10.6,10,6.8,9,7,29,9,155340,114427,2,Online
78,291221,9.4,4,1.5,6,8,33,13,151229,148063,4,Hybrid
68,268512,9.7,2,1.5,8,3,18,8,41139,87493,3,Hybrid
67,273973,8.3,4,2.7,2,3,2,15,11219,131706,3,Hybrid
52,174893,3.9,13,3.4,7,2,11,5,9399,12771,1,Hybrid
40,135374,11.0,13,6.6,6,5,29,18,126733,125607,4,Online
34,44860,8.4,8,1.0,9,4,4,15,41150,149370,5,Online
43,172267,7.2,9,5.9,7,7,9,14,131701,79876,3,Online
25,97475,2.2,3,9.3,1,7,21,6,100931,59648,3,Online
46,172499,5.9,7,2.3,8,9,11,15,188601,75783,2,Online
43,238118,6.1,14,3.9,10,2,12,4,45409,44440,1,Store
27,143786,10.5,12,5.1,3,10,24,15,73551,31655,3,Store
43,27813,7.0,14,4.8,2,7,28,0,103839,43039,3,Online
79,51598,5.2,9,3.5,3,4,21,22,82016,55255,5,Hybrid
51,277951,11.7,11,1.3,6,6,2,4,113135,72219,5,Online
68,113106,2.2,4,0.9,3,7,39,11,82998,11244,2,Hybrid
58,247286,5.6,10,4.4,10,4,20,24,51850,94594,2,Hybrid
24,31745,1.5,3,11.7,5,8,31,4,36250,58595,2,Online
21,164097,9.1,5,7.3,6,8,16,16,156034,103898,5,Online
75,252732,11.1,1,5.9,8,1,23,10,171647,28371,5,Store
70,165360,4.1,3,5.3,7,7,14,6,83767,5914,1,Hybrid
67,109186,10.4,8,7.5,8,9,31,8,210032,27180,4,Store
62,233030,4.2,11,6.6,3,10,11,16,123174,134760,4,Hybrid
28,219950,11.0,8,7.2,4,9,7,19,12076,80219,1,Online
46,61846,9.3,13,5.3,6,2,23,17,123911,78616,4,Hybrid
73,168554,9.9,4,7.2,7,10,30,12,154516,140988,5,Store
53,72930,1.2,2,3.2,9,6,19,9,78664,95213,4,Online
42,268656,11.6,13,2.6,1,7,36,3,88376,37805,5,Online
38,264459,9.0,8,0.1,8,2,15,4,94304,144525,1,Store
78,244695,4.4,8,6.6,8,2,17,8,104111,126599,2,Hybrid
74,73268,10.1,10,6.4,6,10,32,15,148400,74176,1,Store
53,232943,4.1,4,0.8,4,10,21,12,188636,94799,4,Online
27,278916,10.6,3,6.8999999999999995,3,9,12,17,56911,98385,5,Online
54,204403,2.2,2,3.7,3,4,12,1,103088,88919,4,Online
26,68901,8.7,9,5.800000000000001,6,8,23,15,41040,138482,4,Online
41,214488,6.9,1,7.8,8,9,20,0,109317,81462,2,Online
52,183268,2.1,7,1.7,7,3,24,18,386,31159,4,Online
66,287770,3.7,5,0.5,1,7,27,15,73942,42039,2,Store
52,158496,1.1,8,4.8,6,7,37,2,74724,47800,5,Online
65,295001,6.2,4,5.9,7,7,28,9,82070,40761,5,Hybrid
53,261531,4.3,7,0.3,7,2,15,9,115377,94626,2,Online
35,266693,7.6,13,5.3,9,6,14,0,147187,118368,1,Hybrid
66,199362,4.3,5,4.3,10,2,11,14,75596,80903,5,Store
56,46431,4.3,14,0.8,5,6,8,15,115640,118998,1,Hybrid
49,258360,9.2,5,1.4,1,10,12,14,148080,136885,5,Online
41,46385,1.5,14,4.5,2,3,17,14,94702,59894,5,Store
40,105530,10.9,9,2.4,4,2,22,2,105509,51444,3,Hybrid
79,250983,10.4,9,7.5,5,6,17,11,93608,61748,4,Hybrid
49,225390,8.3,13,6.5,9,2,12,8,148885,41190,4,Store
54,263373,7.5,9,7.9,1,5,27,8,143181,40318,1,Store
29,181779,10.8,12,5.0,3,8,26,6,45802,124078,4,Online
66,190182,3.0,6,7.8,5,3,17,13,34622,39759,1,Store
72,212860,1.9,6,3.4,3,3,14,10,109935,16498,5,Hybrid
30,102879,3.6,5,7.3999999999999995,4,7,3,5,117919,25989,3,Hybrid
40,258260,9.7,9,0.4,3,6,16,1,133669,117035,3,Store
42,166323,1.4,10,0.4,4,10,18,8,115925,66577,5,Online
52,142413,7.4,8,5.5,1,3,21,16,148112,105231,2,Hybrid
58,282670,11.9,7,3.7,8,3,15,2,63405,89900,2,Store
47,67837,10.4,7,1.8,4,1,8,18,122431,104679,4,Online
34,280550,6.7,6,4.9,7,7,18,5,140287,23482,1,Online
66,293680,1.7,5,2.0,2,8,30,10,68961,69212,3,Store
79,48541,10.1,13,4.6,2,2,17,5,26372,30048,4,Hybrid
37,99083,7.6,4,2.9,6,4,16,8,39080,134137,5,Online
65,54531,2.3,3,6.6,2,10,26,15,138740,133108,3,Hybrid
42,290856,2.0,3,6.6,6,7,15,3,84829,35814,1,Online
39,94744,11.0,6,3.8,2,8,8,3,74984,147996,1,Online
30,272859,8.4,4,4.8,4,10,25,14,85205,129493,2,Store
76,149749,10.1,12,2.9,7,4,4,11,140849,60204,4,Hybrid
36,287253,10.7,12,6.4,8,6,27,3,73173,32844,5,Hybrid
66,251809,7.3,6,2.6,3,3,22,19,20968,81943,3,Hybrid
53,102503,6.7,3,1.7,9,5,15,3,35180,21518,1,Hybrid
29,274346,5.7,4,2.8,2,7,14,15,112236,148131,3,Online
78,105708,4.5,9,3.7,8,9,34,14,115989,23052,5,Hybrid
58,211184,5.8,5,3.9,8,3,17,20,119975,69803,3,Store
36,122471,9.5,13,6.7,4,5,28,18,69165,71524,4,Hybrid
29,274225,7.6,7,5.2,1,9,31,7,96032,89572,2,Online
26,177661,10.8,10,5.7,1,8,20,5,129858,139752,3,Store
24,181087,5.9,2,10.6,2,9,13,9,101398,67021,2,Hybrid
45,180081,7.7,14,6.6,9,8,27,4,159094,20043,5,Online
31,213118,7.9,14,3.1,2,3,16,17,100588,2419,2,Store
48,177215,7.5,5,3.7,2,3,0,9,103356,121831,3,Online
69,26154,8.7,9,2.4,6,4,24,15,83509,101799,3,Store
36,172876,3.6,11,7.5,7,9,32,6,80706,148212,1,Online
75,84288,6.6,3,0.9,7,5,16,21,22113,57600,3,Hybrid
64,71195,2.1,14,7.5,9,8,27,6,42301,116467,2,Hybrid
33,201002,5.2,9,5.5,6,6,24,6,15588,78497,1,Online
70,184053,6.4,14,4.3,8,3,10,3,97394,108611,3,Hybrid
22,89298,8.2,11,4.0,6,7,23,14,129676,137559,3,Online
52,226376,11.5,6,3.8,2,9,36,3,40634,60692,5,Online
29,59499,7.6,4,5.5,1,9,18,19,61246,62112,1,Online
42,189631,9.2,7,1.3,5,4,28,9,67507,16360,5,Hybrid
69,265198,6.6,8,5.3,9,6,19,10,66810,83038,5,Store
76,262997,8.0,6,7.8,8,1,29,8,84504,3017,5,Store
38,116347,1.8,5,4.5,4,4,18,13,106359,86261,4,Store
53,225735,3.8,6,5.7,5,8,25,15,179475,66320,5,Online
70,42431,5.0,5,0.5,5,1,6,4,118906,31127,2,Store
40,214555,6.2,8,3.3,6,3,23,1,14677,134268,3,Store
33,142720,1.5,1,0.9,3,1,12,6,27818,75088,4,Store
74,69153,2.5,11,4.9,5,9,26,14,38313,31921,5,Hybrid
56,288512,4.0,7,7.5,2,2,22,26,83591,4746,3,Hybrid
62,196076,11.7,10,5.3,10,9,42,3,156639,68535,1,Store
70,239724,4.6,10,0.6,1,4,13,18,67264,65350,1,Hybrid
59,76985,6.3,11,2.8,1,2,0,2,73168,81131,3,Hybrid
75,128737,3.2,2,4.4,10,4,6,10,154647,22063,2,Store
56,232133,7.7,14,3.2,7,10,17,20,117684,117116,3,Store
31,174470,4.1,9,6.7,2,6,17,14,15732,88913,3,Online
48,249465,3.3,1,6.5,4,7,22,16,93828,78946,4,Online
75,70861,6.7,11,4.9,5,3,0,19,149598,134670,1,Hybrid
22,232977,1.1,10,5.5,7,9,28,12,9340,10564,1,Online
52,147118,1.1,6,2.0,2,10,27,10,55300,49725,5,Online
40,216713,3.4,9,0.8,6,8,29,16,120240,86134,3,Online
46,29078,1.4,1,2.8,1,5,18,16,135174,105940,3,Store
60,71047,2.2,4,3.3,7,4,26,6,19159,62085,2,Store
28,255458,4.7,4,8.600000000000001,9,10,15,12,195397,17862,1,Online
35,235048,9.8,9,5.3,5,7,11,13,41920,10265,2,Online
64,256293,7.3,11,0.6,5,9,32,16,63726,140777,4,Hybrid
29,137832,6.6,5,5.800000000000001,4,9,11,9,175072,62471,5,Online
26,145150,4.2,5,5.9,3,7,1,2,77061,91080,2,Online
27,177087,11.2,6,4.5,9,10,29,16,137336,55828,1,Online
75,53320,5.4,1,6.6,5,10,32,20,87110,116884,4,Store
61,110827,2.0,1,0.3,8,1,3,15,151182,108007,3,Store
34,279931,7.8,9,3.4,9,9,23,9,80345,46104,4,Online
78,44826,2.3,3,1.3,5,8,15,12,100105,40934,2,Hybrid
55,120734,4.8,4,7.0,10,6,23,17,118009,114420,1,Hybrid
24,177702,6.6,1,6.8,9,9,20,17,19615,6050,2,Store
63,249834,10.6,9,1.9,2,3,10,9,209,8484,3,Store
30,197235,6.4,8,7.5,9,7,33,5,198068,62648,3,Online
57,118511,8.7,2,5.9,4,5,15,18,19977,59945,1,Hybrid
59,293797,11.9,8,7.7,6,10,38,16,138652,31323,5,Store
26,179033,2.4,7,4.1,6,8,41,19,153787,86332,4,Online
67,101941,4.0,11,7.1,6,5,28,18,99588,94605,4,Hybrid
44,225209,5.3,6,7.5,2,8,39,8,113013,10315,3,Online
75,118818,5.6,1,7.3,7,10,30,3,154114,47968,2,Store
19,172360,5.5,7,7.5,6,10,29,4,49717,9107,2,Online
22,273627,11.0,10,7.7,1,9,6,0,94786,55781,5,Hybrid
46,115081,8.9,7,3.2,2,2,15,3,126406,3869,2,Hybrid
54,56877,7.7,13,6.0,7,3,2,3,149666,80983,4,Store
55,231957,4.4,14,4.3,1,8,38,4,39837,7971,2,Store
36,92715,10.1,9,5.4,1,7,23,8,151981,96805,5,Online
25,161398,11.5,1,8.0,1,9,7,11,98662,25651,4,Online
65,130091,10.0,2,5.9,8,6,29,11,59310,56974,2,Store
62,152632,1.0,11,6.6,4,9,20,8,184384,23446,4,Hybrid
18,103186,8.0,9,6.0,4,10,2,10,102826,3823,3,Online
39,182962,1.6,13,6.7,2,9,30,9,175417,144526,3,Online
69,171094,3.8,9,4.3,1,2,20,8,111077,135004,3,Store
34,90316,1.7,13,6.8,10,2,17,17,69730,141292,2,Online
24,48380,7.6,6,8.0,9,7,20,1,47853,67965,5,Online
42,130198,8.6,6,3.0,7,7,16,1,172252,10510,4,Online
62,284500,2.3,4,7.3,4,7,24,14,63851,141609,1,Store
21,90326,5.2,4,5.0,6,9,16,15,7032,105935,3,Online
53,134994,6.0,5,6.8,2,6,8,11,38034,69134,3,Online
23,240971,5.1,3,6.699999999999999,7,7,17,0,149533,72254,1,Online
77,298226,2.3,1,4.1,2,6,23,14,121123,144854,1,Store
48,282805,5.6,1,2.5,10,6,26,15,115558,114780,2,Online
36,188484,9.3,12,4.6,8,2,19,17,80083,125544,4,Online
78,285064,1.8,13,2.6,8,6,24,18,113772,65587,3,Store
61,265378,1.9,7,0.3,1,4,1,18,47850,82238,5,Hybrid
71,291090,4.9,1,2.2,8,9,13,18,83786,75720,2,Hybrid
56,245314,11.4,1,0.1,2,1,27,11,17772,78004,2,Store
44,255612,8.4,3,7.8,6,8,29,9,128685,22072,5,Online
27,298453,8.5,10,11.3,1,10,28,13,4576,81015,5,Hybrid
43,75230,5.0,4,3.2,5,1,5,4,99404,72746,5,Online
36,79321,7.5,4,5.8,7,4,2,17,41476,102260,1,Store
56,152028,1.1,2,2.8,10,1,19,24,40543,137129,3,Store
79,251447,8.0,1,5.4,1,6,5,17,17165,128259,1,Hybrid
20,121757,11.0,3,10.600000000000001,2,9,6,5,14439,30916,3,Online
62,286847,7.7,11,7.6,7,5,0,14,118211,27268,1,Store
30,216200,10.6,4,8.2,6,8,36,10,94343,23259,4,Online
67,92099,9.0,3,6.3,3,2,0,21,26962,79400,3,Hybrid
45,182932,2.3,8,2.1,10,6,4,19,70124,34293,2,Store
79,51585,10.9,14,7.9,2,6,5,24,116189,111581,3,Store
75,63585,1.7,10,0.2,10,5,12,21,123369,7043,3,Hybrid
37,299922,6.9,1,4.8,4,5,1,9,110814,107009,3,Online
45,196313,2.6,14,5.3,3,3,14,1,19464,38893,4,Online
25,62229,1.1,2,7.9,7,8,19,8,164271,26309,1,Online
78,106652,5.6,13,1.0,8,10,26,19,82882,23284,2,Store
58,269474,4.2,7,7.5,2,2,25,20,31541,126801,1,Hybrid
56,199436,6.3,4,1.4,10,7,34,13,123982,113259,1,Hybrid
18,280116,7.3,8,7.1,7,8,13,3,129188,100804,5,Online
20,39975,1.5,11,5.8999999999999995,8,10,25,5,58407,69000,4,Store
30,177795,2.4,13,7.0,6,9,21,13,23769,84179,5,Online
45,229373,7.1,3,4.4,6,3,6,3,20156,65049,4,Hybrid
79,217133,4.8,6,3.3,10,2,13,20,163065,29265,1,Hybrid
74,200225,9.0,9,1.3,1,2,25,18,73631,23880,1,Store
77,84324,8.2,1,1.4,4,9,34,12,75373,84579,4,Hybrid
66,196037,10.3,1,3.3,1,5,26,19,69487,131327,1,Hybrid
42,155720,8.6,8,6.1,4,7,37,18,73895,132574,1,Online
73,186205,5.7,3,7.2,2,5,9,20,51786,65424,2,Store
50,116059,8.4,5,0.7,5,7,21,16,104885,70966,5,Online
55,118317,4.0,1,3.1,10,4,13,11,132981,67396,5,Store
70,221207,4.4,5,0.8,9,8,17,15,162493,71694,5,Store
23,121459,9.7,11,4.6,10,10,17,15,135248,136878,3,Online
75,257697,5.9,6,5.3,3,10,34,14,82958,17106,2,Store
61,220422,9.8,8,4.8,8,7,25,15,204875,56731,5,Hybrid
62,121520,10.0,13,1.3,3,10,37,11,109497,75010,5,Store
49,81272,10.4,14,1.9,6,5,12,18,72577,32599,2,Hybrid
62,243224,11.1,3,0.2,4,6,21,14,141918,71326,1,Store
78,164832,5.7,3,6.7,8,5,26,15,129594,75706,5,Store
64,172999,4.5,12,7.8,6,7,35,8,63770,9004,1,Store
38,81367,7.4,11,1.1,8,2,26,14,135522,115018,5,Hybrid
33,249027,5.1,11,1.9,1,5,19,12,144954,25792,4,Online
71,252750,7.6,10,6.9,6,10,28,4,27961,54645,3,Store
38,255806,8.8,9,7.4,1,3,13,1,104205,7232,5,Store
28,203305,8.6,4,7.4,1,9,23,15,37815,54766,4,Online
77,64738,5.1,4,0.4,8,6,4,14,74155,120601,2,Store
54,53397,2.8,12,0.3,7,10,32,12,146352,81588,4,Online
53,222332,5.7,7,4.6,3,3,8,2,51999,5913,2,Online
52,131453,2.6,2,3.1,6,7,37,8,76412,112406,5,Online
36,39816,10.8,8,0.2,9,4,2,12,57635,113693,2,Online
37,265011,4.8,6,4.7,7,3,7,1,37656,93449,4,Online
74,233567,2.7,3,0.1,3,8,26,9,40679,10567,3,Store
35,91635,1.3,9,6.3,6,4,21,8,120385,38379,1,Online
64,236184,8.1,5,2.5,4,1,9,20,140073,319,1,Hybrid
58,202958,8.0,8,0.3,3,6,21,6,78784,90005,3,Hybrid
66,297707,4.7,7,4.7,9,10,24,7,165478,110990,1,Hybrid
31,112324,1.8,14,3.2,10,1,29,7,113975,4791,5,Online
32,243536,5.5,8,7.8,2,5,20,4,31368,131401,5,Online
48,252944,4.4,7,4.4,1,7,35,8,81492,61032,4,Online
18,291991,8.4,3,7.1000000000000005,2,8,2,0,10715,88662,4,Online
70,46155,7.7,2,5.7,7,2,10,10,58784,21300,2,Hybrid
71,136891,5.0,7,2.2,10,4,10,14,147516,75700,4,Hybrid
71,169381,3.4,3,7.2,1,2,16,6,99644,55609,5,Store
20,151691,11.9,3,6.5,6,8,15,2,26797,90045,4,Online
33,54707,6.0,2,4.4,7,3,6,9,47573,61901,1,Hybrid
40,217576,8.6,4,0.4,9,3,3,14,93708,5703,2,Online
74,198686,2.5,8,3.4,8,7,38,12,75598,63115,2,Store
28,242500,6.3,12,11.4,6,7,22,13,37905,27676,5,Online
29,282425,1.3,1,11.3,3,10,32,5,149758,121332,4,Online
27,178492,6.6,1,6.3,8,10,11,11,151299,29802,1,Store
49,190102,11.6,12,1.8,7,4,14,12,33359,90331,4,Hybrid
33,237285,5.2,14,6.5,3,3,10,16,66062,124786,3,Hybrid
25,179476,1.4,5,10.3,9,7,4,15,104858,65169,4,Online
55,254554,1.3,11,0.8,2,2,4,8,43463,68147,5,Store
29,180928,5.3,5,6.2,3,8,14,1,99596,22075,4,Store
41,160272,2.8,11,2.7,2,10,41,10,129127,82015,2,Online
45,139273,1.3,12,7.0,1,5,17,8,16571,9304,1,Store
70,192307,9.3,1,0.7,4,9,17,8,59951,129851,5,Store
25,268500,6.0,6,5.3,5,8,25,17,8625,120729,3,Hybrid
75,186129,4.2,1,6.0,6,2,11,22,39199,59622,1,Hybrid
45,152311,10.9,5,0.4,5,6,1,14,120725,54215,1,Store
53,254746,2.3,9,3.9,1,10,26,13,181505,73973,2,Online
43,265546,11.5,12,3.5,3,2,14,1,31218,108654,2,Store
25,216733,4.5,14,6.1,1,10,19,16,91916,143593,2,Hybrid
75,146945,10.8,5,3.2,5,6,3,14,123182,24028,5,Hybrid
77,65272,7.6,6,4.2,5,5,21,13,20566,39328,4,Store
67,166470,10.1,8,1.3,6,1,17,20,33205,27301,1,Store
45,140030,11.8,11,4.6,8,6,5,18,144881,38015,4,Store
45,26570,4.2,1,6.4,10,1,22,7,62291,36845,4,Online
54,29110,11.6,14,6.1,1,3,26,7,107292,86818,2,Store
58,99141,5.3,2,1.2,4,10,35,7,68525,76394,4,Hybrid
53,32115,5.2,9,1.2,10,5,18,2,40124,43714,1,Online
44,59062,4.7,3,2.1,1,10,19,11,47710,80722,1,Online
71,124061,7.0,6,2.9,9,5,27,20,102474,25230,3,Hybrid
34,21969,2.7,5,3.3,7,10,33,3,141938,92554,5,Online
26,141863,7.1,11,10.0,7,9,1,16,88738,49262,4,Online
50,292369,7.0,2,0.5,5,10,37,13,167814,41722,5,Online
70,143008,9.4,14,0.3,7,8,14,23,154795,62796,5,Hybrid
37,174268,10.2,7,3.1,2,5,28,8,102537,87052,5,Store
30,125823,5.8,4,7.8999999999999995,4,8,10,11,111301,100808,5,Store
45,295813,4.3,1,1.5,7,5,4,4,8007,136311,1,Online
65,130677,3.9,13,5.1,3,3,17,16,114915,91951,4,Store
46,266958,3.1,4,2.1,2,4,22,19,117419,50886,3,Hybrid
30,68320,1.6,6,9.899999999999999,10,7,38,2,94705,103424,5,Online
63,166649,4.8,7,7.2,2,7,29,16,99397,104697,3,Store
52,145354,4.0,7,2.4,1,5,13,13,83629,96299,1,Online
78,108009,11.6,14,1.8,5,2,21,15,5782,149177,1,Hybrid
23,277437,7.1,7,7.6,6,7,9,19,66770,14497,2,Online
35,48625,4.8,3,1.9,6,6,2,7,57645,132888,5,Online
68,232112,7.4,6,5.4,9,10,16,9,155377,118915,2,Hybrid
22,56487,2.5,13,8.899999999999999,4,7,16,11,68309,92019,3,Online
64,248071,5.9,8,5.4,1,6,10,10,17152,109017,4,Store
42,193895,7.9,4,6.6,6,9,17,5,135937,69385,2,Online
19,121376,6.4,13,6.2,5,10,19,14,40753,105153,1,Online
27,263341,5.4,8,4.5,10,10,8,11,123020,33826,5,Online
73,178056,11.9,2,5.9,6,1,20,20,106565,110034,3,Store
47,130169,10.7,10,2.9,3,5,6,15,38712,84242,1,Store
67,290269,7.9,9,5.4,2,7,20,25,80747,123066,4,Store
76,56059,7.3,9,2.2,6,6,23,21,20478,50100,5,Store
62,123409,7.8,8,0.6,1,5,27,8,22551,125170,4,Hybrid
22,25704,3.2,10,11.8,7,10,18,10,74888,135431,4,Online
72,224456,5.3,14,1.2,7,3,6,19,93608,96205,5,Hybrid
73,238200,1.4,13,7.9,10,6,24,14,67088,12809,5,Hybrid
50,131279,6.2,10,7.8,7,5,20,3,133964,64450,4,Online
71,178280,7.0,1,6.4,10,8,17,16,67689,38428,3,Store
18,138516,3.5,2,7.8,1,10,10,8,18756,72790,5,Online
35,217096,11.6,6,4.6,4,8,28,12,90290,111126,1,Online
49,252549,11.0,10,6.9,7,10,31,15,152327,90321,2,Online
64,49165,8.9,5,2.3,9,2,15,7,59289,2093,3,Store
66,87203,6.9,12,3.7,5,9,35,14,45562,44498,5,Store
